date,ADM,BG,SOY
2020-08-17,38.678123474121094,40.844444274902344,912.5
2020-08-18,38.924095153808594,40.65073776245117,912.0
2020-08-19,38.704471588134766,41.10858154296875,912.5
2020-08-20,38.20376205444336,40.49225997924805,903.0
2020-08-21,38.29159927368164,41.17901611328125,900.75
2020-08-24,39.04707336425781,41.23184585571289,899.75
2020-08-25,38.915306091308594,41.32869338989258,913.75
2020-08-26,39.073429107666016,41.073368072509766,919.5
2020-08-27,39.28425216674805,40.71237564086914,937.25
2020-08-28,39.4423828125,41.090965270996094,950.5
2020-08-31,39.31938934326172,40.16648864746094,951.25
2020-09-01,39.653202056884766,40.034420013427734,955.0
2020-09-02,40.180274963378906,40.86204147338867,962.5
2020-09-03,40.24176025390625,40.28975296020508,968.75
2020-09-04,40.839111328125,40.92367935180664,969.5
2020-09-08,39.72348403930664,39.814300537109375,973.0
2020-09-09,40.45259094238281,40.36899185180664,979.75
2020-09-10,40.426239013671875,39.963985443115234,985.0
2020-09-11,41.19049072265625,40.18409729003906,1005.5
2020-09-14,41.72633743286133,40.7211799621582,1019.25
2020-09-15,41.69999313354492,40.82682800292969,991.5
2020-09-16,41.86690139770508,40.950096130371094,1011.25
2020-09-17,41.96352005004883,41.67206954956055,1028.5
2020-09-18,41.849327087402344,41.91859436035156,1043.5
2020-09-21,40.85667419433594,40.26333999633789,1022.5
2020-09-22,41.28711700439453,40.48344802856445,1019.75
2020-09-23,39.67076873779297,39.32125473022461,1014.5
2020-09-24,39.943084716796875,39.31244659423828,1000.0
2020-09-25,40.47895431518555,40.580299377441406,1002.5
2020-09-28,40.847896575927734,40.9412956237793,996.25
2020-09-29,40.391109466552734,39.77908706665039,993.0
2020-09-30,40.839111328125,40.23692321777344,1023.5
2020-10-01,40.93574142456055,40.34257888793945,1023.5
2020-10-02,41.05873107910156,40.844444274902344,1020.75
2020-10-05,41.97230911254883,41.59281921386719,1021.5
2020-10-06,41.814186096191406,41.9097900390625,1044.0
2020-10-07,42.43789291381836,43.19526290893555,1051.0
2020-10-08,42.91225051879883,43.16005325317383,1050.0
2020-10-09,43.01766586303711,44.436710357666016,1065.5
2020-10-12,43.9136848449707,45.24673080444336,1033.75
2020-10-13,42.89468765258789,44.850521087646484,1044.0
2020-10-14,42.91225051879883,45.91587829589844,1056.25
2020-10-15,43.86975860595703,47.72962188720703,1062.25
2020-10-16,43.73799514770508,48.06418991088867,1050.0
2020-10-19,44.194786071777344,48.072994232177734,1054.25
2020-10-20,44.68671798706055,48.451595306396484,1064.0
2020-10-21,44.634010314941406,48.513221740722656,1072.0
2020-10-22,45.39826583862305,49.701847076416016,1073.75
2020-10-23,45.56516647338867,49.32325744628906,1083.75
2020-10-26,44.967830657958984,49.03269577026367,1087.75
2020-10-27,44.238712310791016,49.03269577026367,1082.25
2020-10-28,43.500816345214844,51.119384765625,1057.25
2020-10-29,43.85219192504883,51.3218879699707,1051.75
2020-10-30,40.619503021240234,49.94837951660156,1056.5
2020-11-02,42.657501220703125,51.1281852722168,1050.75
2020-11-03,42.07773208618164,49.72826385498047,1059.0
2020-11-04,40.85667419433594,49.270408630371094,1079.0
2020-11-05,42.08651351928711,51.50679016113281,1101.75
2020-11-06,42.40274429321289,50.635128021240234,1098.5
2020-11-09,43.29876708984375,50.05403137207031,1105.0
2020-11-10,44.054237365722656,51.779727935791016,1138.25
2020-11-11,44.001529693603516,51.858970642089844,1143.25
2020-11-12,43.33390426635742,51.0577507019043,1137.0
2020-11-13,43.79948806762695,52.09669494628906,1141.5
2020-11-16,44.28263854980469,53.43498229980469,1153.5
2020-11-17,44.06301498413086,52.71589660644531,1169.75
2020-11-18,43.594078063964844,51.828125,1175.75
2020-11-19,43.28439712524414,51.96128845214844,1177.5
2020-11-20,43.010108947753906,52.14772033691406,1181.0
2020-11-23,43.18706512451172,53.20417785644531,1191.5
2020-11-24,44.73546600341797,55.61890411376953,1191.25
2020-11-25,44.68238067626953,54.89094924926758,1184.0
2020-11-27,44.63813781738281,54.01204299926758,1191.75
2020-11-30,44.03648376464844,52.28089141845703,1168.5
2020-12-01,44.33731460571289,52.79579162597656,1162.0
2020-12-02,43.78873825073242,52.653743743896484,1153.0
2020-12-03,44.071868896484375,53.95877456665039,1168.25
2020-12-04,44.74431610107422,54.57133865356445,1163.0
2020-12-07,44.27537155151367,53.95877456665039,1158.5
2020-12-08,44.55850601196289,54.46479797363281,1145.75
2020-12-09,44.098411560058594,56.37351608276367,1158.5
2020-12-10,43.53213119506836,57.26128387451172,1152.75
2020-12-11,44.071868896484375,58.628448486328125,1160.5
2020-12-14,43.080894470214844,56.622093200683594,1169.5
2020-12-15,43.85951614379883,57.84721374511719,1184.25
2020-12-16,43.53213119506836,57.3766975402832,1183.75
2020-12-17,43.69140625,56.81740188598633,1201.25
2020-12-18,43.956844329833984,57.15475845336914,1220.0
2020-12-21,43.682559967041016,57.545372009277344,1243.25
2020-12-22,43.11628723144531,56.89729690551758,1247.25
2020-12-23,43.66486358642578,57.45659255981445,1258.75
2020-12-24,43.74449157714844,57.11036682128906,1263.5
2020-12-28,43.974544525146484,56.91505432128906,1255.25
2020-12-29,43.75334548950195,56.32025146484375,1295.5
2020-12-30,44.16034698486328,57.87384796142578,1303.75
2020-12-31,44.60275650024414,58.22007751464844,1315.25
2021-01-04,44.12495040893555,58.33549499511719,1316.5
2021-01-05,44.98321533203125,59.835819244384766,1350.0
2021-01-06,46.80590057373047,62.294944763183594,1365.25
2021-01-07,46.390052795410156,61.646881103515625,1360.5
2021-01-08,46.513916015625,62.321590423583984,1375.75
2021-01-11,46.04496765136719,61.89545822143555,1374.5
2021-01-12,45.47871017456055,61.868812561035156,1422.0
2021-01-13,45.80607986450195,62.52577209472656,1411.0
2021-01-14,46.77935028076172,64.14152526855469,1436.5
2021-01-15,46.186546325683594,62.72995376586914,1416.75
2021-01-19,46.982852935791016,62.7210693359375,1385.75
2021-01-20,47.33677673339844,62.951900482177734,1369.5
2021-01-21,46.70857620239258,60.97216033935547,1370.25
2021-01-22,46.73511505126953,60.901153564453125,1311.75
2021-01-25,46.97401428222656,60.11991882324219,1343.5
2021-01-26,46.16883850097656,59.16999435424805,1370.25
2021-01-27,43.86835861206055,56.73749923706055,1374.75
2021-01-28,45.133628845214844,59.16999435424805,1353.25
2021-01-29,44.24883270263672,58.09579086303711,1370.0
2021-02-01,44.6646842956543,59.72041320800781,1365.25
2021-02-02,45.071693420410156,61.70014190673828,1354.75
2021-02-03,45.51409149169922,62.58791732788086,1371.25
2021-02-04,46.46968078613281,63.54671096801758,1372.5
2021-02-05,47.15981674194336,64.88724517822266,1366.75
2021-02-08,47.801334381103516,65.79277038574219,1387.75
2021-02-09,48.54084777832031,66.9646224975586,1401.75
2021-02-10,48.52302169799805,66.30768585205078,1354.0
2021-02-11,48.93288040161133,67.65708923339844,1367.5
2021-02-12,49.645668029785156,69.70350646972656,1372.0
2021-02-16,49.93968200683594,70.87417602539062,1384.75
2021-02-17,49.823856353759766,69.70350646972656,1383.75
2021-02-18,49.734771728515625,66.79027557373047,1375.0
2021-02-19,50.00206756591797,68.2558364868164,1377.25
2021-02-22,50.65248107910156,69.87330627441406,1383.75
2021-02-23,50.803951263427734,69.17628479003906,1406.0
2021-02-24,52.104793548583984,68.59541320800781,1423.75
2021-02-25,51.09796905517578,66.77238464355469,1406.0
2021-02-26,50.41191482543945,68.43456268310547,1405.25
2021-03-01,51.053428649902344,70.31120300292969,1392.5
2021-03-02,51.11579132080078,70.82950592041016,1414.0
2021-03-03,50.89304733276367,70.10564422607422,1410.75
2021-03-04,49.44074249267578,67.96986389160156,1415.25
2021-03-05,51.31180191040039,69.45329284667969,1434.25
2021-03-08,51.46327209472656,70.11457061767578,1437.75
2021-03-09,51.66820526123047,70.6507797241211,1441.25
2021-03-10,52.024600982666016,71.95545959472656,1411.5
2021-03-11,52.20279312133789,72.79549407958984,1415.5
2021-03-12,51.89985656738281,72.18782043457031,1415.75
2021-03-15,51.94440841674805,70.8116226196289,1419.5
2021-03-16,51.48109436035156,70.57929229736328,1423.25
2021-03-17,51.40980911254883,70.6507797241211,1417.75
2021-03-18,51.32962417602539,70.17713165283203,1392.25
2021-03-19,50.63465881347656,69.8643798828125,1416.25
2021-03-22,50.27826690673828,69.39967346191406,1417.5
2021-03-23,49.503116607666016,67.54093170166016,1423.25
2021-03-24,49.823856353759766,67.49624633789062,1432.75
2021-03-25,50.6792106628418,68.89924621582031,1414.25
2021-03-26,51.59691619873047,70.84736633300781,1400.5
2021-03-29,50.86631774902344,69.41757202148438,1393.0
2021-03-30,51.588016510009766,71.32097625732422,1366.75
2021-03-31,50.7861328125,70.83843994140625,1436.75
2021-04-01,51.36526870727539,71.66949462890625,1402.0
2021-04-05,51.24943542480469,70.54354095458984,1412.75
2021-04-06,51.71274948120117,70.87417602539062,1418.75
2021-04-07,51.5345573425293,70.22181701660156,1408.75
2021-04-08,51.80185317993164,70.05204010009766,1415.25
2021-04-09,52.158241271972656,70.999267578125,1403.0
2021-04-12,52.20279312133789,70.82950592041016,1382.0
2021-04-13,51.588016510009766,69.41757202148438,1389.5
2021-04-14,52.16714859008789,71.5176010131836,1410.0
2021-04-15,52.274070739746094,72.3039779663086,1418.25
2021-04-16,52.96903610229492,74.72573852539062,1433.25
2021-04-19,52.826480865478516,74.3325424194336,1449.75
2021-04-20,52.30971145629883,72.66145324707031,1472.0
2021-04-21,53.30760955810547,73.99297332763672,1497.25
2021-04-22,52.4522590637207,74.48445892333984,1533.25
2021-04-23,52.93340301513672,76.0483169555664,1539.75
2021-04-26,53.441261291503906,76.89728546142578,1569.0
2021-04-27,55.08066940307617,78.94367980957031,1549.75
2021-04-28,56.221134185791016,76.53983306884766,1557.75
2021-04-29,56.6309928894043,76.37004852294922,1542.5
2021-04-30,56.24786376953125,75.44066619873047,1571.0
2021-05-03,57.58433532714844,76.70068359375,1560.25
2021-05-04,58.00309753417969,77.77304077148438,1577.0
2021-05-05,58.983177185058594,80.42713165283203,1582.0
2021-05-06,59.41977310180664,79.50669860839844,1605.5
2021-05-07,59.71379089355469,81.60673522949219,1621.0
2021-05-10,60.257293701171875,80.90971374511719,1620.0
2021-05-11,59.597957611083984,81.115234375,1637.5
2021-05-12,59.250492095947266,78.96159362792969,1660.5
2021-05-13,59.82071304321289,79.81053924560547,1612.25
2021-05-14,60.28403091430664,80.9901351928711,1603.75
2021-05-17,60.26620864868164,80.01605987548828,1587.5
2021-05-18,60.05118942260742,78.8747787475586,1574.25
2021-05-19,59.513668060302734,77.25719451904297,1538.25
2021-05-20,59.25385284423828,76.82585144042969,1533.25
2021-05-21,60.00639724731445,78.04801940917969,1526.25
2021-05-24,59.68388366699219,78.0030746459961,1522.75
2021-05-25,59.65700149536133,78.20079040527344,1511.75
2021-05-26,59.56740951538086,78.93769073486328,1503.5
2021-05-27,59.665958404541016,78.1917953491211,1537.0
2021-05-28,59.603248596191406,78.02104949951172,1530.5
2021-06-01,60.84851837158203,80.30362701416016,1548.5
2021-06-02,60.84851837158203,79.59369659423828,1562.5
2021-06-03,61.144168853759766,79.92620086669922,1549.25
2021-06-04,61.61003494262695,80.07896423339844,1583.75
2021-06-07,61.51149368286133,80.51930236816406,1560.25
2021-06-08,61.57419967651367,80.65410614013672,1580.0
2021-06-09,61.01874923706055,79.7914047241211,1562.5
2021-06-10,60.230384826660156,78.65911102294922,1544.0
2021-06-11,59.12842559814453,76.11591339111328,1508.5
2021-06-14,58.429649353027344,74.2467041015625,1472.25
2021-06-15,57.91001892089844,73.19528198242188,1465.75
2021-06-16,57.32769775390625,72.28765869140625,1448.5
2021-06-17,55.482181549072266,70.10391998291016,1329.75
2021-06-18,54.34440994262695,69.37600708007812,1396.0
2021-06-21,55.40155029296875,72.05400085449219,1415.0
2021-06-22,55.22237014770508,71.68553924560547,1394.5
2021-06-23,54.88193130493164,71.88324737548828,1385.0
2021-06-24,55.26716232299805,72.15286254882812,1371.25
2021-06-25,55.061119079589844,71.09244537353516,1329.75
2021-06-28,54.46086883544922,71.3081283569336,1357.0
2021-06-29,54.290645599365234,71.47886657714844,1359.75
2021-06-30,54.290645599365234,70.22972869873047,1450.0
2021-07-01,54.389198303222656,71.37102508544922,1446.75
2021-07-02,54.31753158569336,71.61367797851562,1451.75
2021-07-06,53.260379791259766,69.79837036132812,1363.75
2021-07-07,53.66353225708008,69.91520690917969,1386.5
2021-07-08,52.973697662353516,68.4234390258789,1390.25
2021-07-09,54.0398063659668,69.60066223144531,1404.0
2021-07-12,53.75312423706055,69.67256927490234,1432.5
2021-07-13,53.07224655151367,68.6031723022461,1438.0
2021-07-14,52.66014099121094,68.24370574951172,1467.75
2021-07-15,52.875144958496094,68.02802276611328,1447.5
2021-07-16,52.14948272705078,66.13187408447266,1454.75
2021-07-19,51.4686164855957,66.3026123046875,1428.0
2021-07-20,51.988224029541016,67.2012710571289,1443.5
2021-07-21,52.050933837890625,68.207763671875,1439.25
2021-07-22,51.432769775390625,66.99458312988281,1416.25
2021-07-23,51.97031021118164,67.34506225585938,1401.0
2021-07-26,52.355533599853516,67.14734649658203,1412.75
2021-07-27,52.72284698486328,67.5787124633789,1418.25
2021-07-28,52.53471374511719,70.5532455444336,1432.0
2021-07-29,53.39476776123047,71.5417709350586,1434.25
2021-07-30,53.50227355957031,69.7624282836914,1414.75
2021-08-02,53.17974090576172,68.91768646240234,1418.75
2021-08-03,53.564979553222656,69.4119644165039,1392.25
2021-08-04,52.63325881958008,67.6506118774414,1403.5
2021-08-05,52.678062438964844,67.36302185058594,1402.5
2021-08-06,54.01293182373047,68.80088806152344,1422.25
2021-08-09,54.25481414794922,69.51081848144531,1433.75
2021-08-10,55.01631164550781,70.6790542602539,1447.5
2021-08-11,55.09694290161133,71.20926666259766,1405.5
2021-08-12,55.383628845214844,71.074462890625,1401.5
2021-08-13,55.90324020385742,71.14634704589844,1424.25
2021-08-16,56.15409469604492,71.51481628417969,1376.0
2021-08-17,55.39707946777344,70.82283782958984,1369.0
2021-08-18,54.883392333984375,69.85032653808594,1358.25
2021-08-19,53.45949172973633,67.3714828491211,1323.0
2021-08-20,53.11703109741211,66.60250854492188,1293.75
2021-08-23,53.45047378540039,67.72431182861328,1294.0
2021-08-24,53.7208366394043,68.33950805664062,1337.0
2021-08-25,54.34267044067383,69.09039306640625,1346.0
2021-08-26,53.8380012512207,68.12238311767578,1367.5
2021-08-27,54.58599090576172,69.76891326904297,1359.25
2021-08-30,54.13539123535156,68.5113754272461,1304.75
2021-08-31,54.07231140136719,68.49330139160156,1298.75
2021-09-01,53.76590347290039,68.53853607177734,1277.75
2021-09-02,54.27958679199219,69.83220672607422,1279.25
2021-09-03,54.25254821777344,70.01314544677734,1283.0
2021-09-07,53.48652267456055,69.70556640625,1268.75
2021-09-08,53.95515823364258,69.19894409179688,1270.75
2021-09-09,53.76590347290039,68.43901062011719,1258.75
2021-09-10,53.97317886352539,68.8823013305664,1275.25
2021-09-13,55.10869598388672,69.88650512695312,1272.5
2021-09-14,54.41476058959961,69.64224243164062,1276.5
2021-09-15,56.34334945678711,73.39663696289062,1294.5
2021-09-16,56.775917053222656,73.36045837402344,1296.0
2021-09-17,56.2261848449707,72.89908599853516,1284.0
2021-09-20,54.54094314575195,69.76891326904297,1262.5
2021-09-21,54.0903434753418,69.75984191894531,1274.0
2021-09-22,53.1620979309082,69.92269134521484,1282.75
2021-09-23,54.324649810791016,71.1892318725586,1284.25
2021-09-24,53.85601806640625,71.2616195678711,1285.0
2021-09-27,54.757225036621094,72.68195343017578,1287.5
2021-09-28,54.58599090576172,72.98954772949219,1277.0
2021-09-29,54.775245666503906,73.22476959228516,1283.75
2021-09-30,54.081321716308594,73.56854248046875,1256.0
2021-10-01,54.793277740478516,74.65416717529297,1246.5
2021-10-04,55.117706298828125,74.71748352050781,1235.75
2021-10-05,56.12705993652344,76.1016616821289,1250.5
2021-10-06,56.145076751708984,75.92976379394531,1242.0
2021-10-07,56.7939567565918,76.44541931152344,1247.25
2021-10-08,57.03727722167969,76.31879425048828,1243.0
2021-10-11,57.65009689331055,76.84349060058594,1228.25
2021-10-12,57.12739562988281,76.41828155517578,1198.25
2021-10-13,56.70382308959961,76.04736328125,1195.25
2021-10-14,57.8303337097168,77.6848373413086,1206.25
2021-10-15,57.6320686340332,77.45867919921875,1217.75
2021-10-18,57.496891021728516,77.51294708251953,1221.5
2021-10-19,58.163787841796875,78.2276382446289,1228.0
2021-10-20,58.43414306640625,79.23184204101562,1245.5
2021-10-21,58.46118927001953,79.33137512207031,1224.0
2021-10-22,59.677799224853516,79.91035461425781,1220.5
2021-10-25,60.04729461669922,79.90130615234375,1237.25
2021-10-26,58.90277862548828,78.93329620361328,1238.0
2021-10-27,58.15476608276367,81.98206329345703,1239.25
2021-10-28,58.43414306640625,84.05377960205078,1233.75
2021-10-29,57.8934211730957,83.80951690673828,1235.75
2021-11-01,57.32566452026367,83.33909606933594,1236.75
2021-11-02,57.109371185302734,82.4434585571289,1244.0
2021-11-03,58.48821258544922,82.74198150634766,1231.5
2021-11-04,57.8844108581543,83.7461929321289,1209.25
2021-11-05,58.11871337890625,84.06282043457031,1192.25
2021-11-08,57.496891021728516,83.67381286621094,1178.0
2021-11-09,58.06465148925781,84.03569030761719,1199.5
2021-11-10,58.92980194091797,83.50191497802734,1203.5
2021-11-11,59.60570526123047,85.00370788574219,1212.25
2021-11-12,59.41646194458008,86.06217956542969,1234.0
2021-11-15,60.33568572998047,86.98493957519531,1257.25
2021-11-16,60.17257308959961,86.60498809814453,1251.25
2021-11-17,59.501983642578125,86.99158477783203,1277.0
2021-11-18,60.344749450683594,87.34635162353516,1265.25
2021-11-19,59.21198272705078,85.60889434814453,1263.25
2021-11-22,60.190677642822266,85.69985961914062,1274.25
2021-11-23,60.489742279052734,85.78173828125,1273.0
2021-11-24,60.10007095336914,84.45361328125,1266.5
2021-11-26,58.36015319824219,82.3067855834961,1252.75
2021-11-29,58.73168182373047,82.39777374267578,1241.5
2021-11-30,56.375526428222656,78.75,1217.25
2021-12-01,56.0221061706543,76.85787963867188,1228.25
2021-12-02,56.54771423339844,78.2769546508789,1244.25
2021-12-03,56.66551208496094,78.79547119140625,1267.25
2021-12-06,57.191123962402344,78.74090576171875,1261.5
2021-12-07,58.14265441894531,79.8506851196289,1250.25
2021-12-08,58.11545944213867,79.15935516357422,1261.0
2021-12-09,57.34518051147461,77.75845336914062,1264.5
2021-12-10,57.499237060546875,79.05928802490234,1267.75
2021-12-13,58.577632904052734,79.9234619140625,1244.0
2021-12-14,58.76793670654297,79.21392059326172,1259.5
2021-12-15,58.97637176513672,79.8506851196289,1262.5
2021-12-16,59.96413040161133,80.29641723632812,1277.25
2021-12-17,59.14854431152344,80.12359619140625,1285.25
2021-12-20,58.197021484375,78.0677490234375,1292.25
2021-12-21,58.74981689453125,80.29641723632812,1308.0
2021-12-22,58.55951690673828,80.96049499511719,1328.75
2021-12-23,59.30260467529297,82.01571655273438,1332.0
2021-12-27,59.87351608276367,82.83440399169922,1362.5
2021-12-28,60.652862548828125,83.44389343261719,1359.25
2021-12-29,60.725364685058594,83.88052368164062,1356.5
2021-12-30,60.58942413330078,83.74407958984375,1327.75
2021-12-31,61.2509651184082,84.9266357421875,1328.75
2022-01-03,61.52283477783203,85.24502563476562,1344.0
2022-01-04,62.6646614074707,85.9909439086914,1378.75
2022-01-05,62.17529296875,85.4815444946289,1384.25
2022-01-06,62.728092193603516,87.43733215332031,1377.25
2022-01-07,63.262760162353516,88.25601196289062,1401.5
2022-01-10,63.37149429321289,87.4282455444336,1374.75
2022-01-11,63.86991882324219,88.92918395996094,1376.75
2022-01-12,63.8155517578125,89.666015625,1391.25
2022-01-13,64.25053405761719,89.85704803466797,1365.25
2022-01-14,64.8395767211914,89.79338073730469,1356.75
2022-01-18,64.58582305908203,89.22935485839844,1361.25
2022-01-19,64.34114837646484,88.01952362060547,1391.25
2022-01-20,62.42902755737305,86.2001724243164,1425.75
2022-01-21,62.47433853149414,85.80900573730469,1414.25
2022-01-24,62.15716552734375,85.2268295288086,1403.0
2022-01-25,61.95780944824219,86.13650512695312,1407.25
2022-01-26,65.49203491210938,87.59196472167969,1440.0
2022-01-27,67.24102783203125,87.86487579345703,1448.25
2022-01-28,68.79972076416016,89.32034301757812,1470.0
2022-01-31,67.96599578857422,89.92982482910156,1490.5
2022-02-01,68.4462890625,90.95773315429688,1528.5
2022-02-02,69.49749755859375,91.56723022460938,1545.25
2022-02-03,68.57315826416016,89.86615753173828,1544.25
2022-02-04,68.60942077636719,89.23846435546875,1553.5
2022-02-07,69.21978759765625,89.98439025878906,1581.75
2022-02-08,69.86662292480469,91.84012603759766,1569.0
2022-02-09,70.40413665771484,90.60296630859375,1594.75
2022-02-10,69.63888549804688,90.11174774169922,1574.25
2022-02-11,69.66619873046875,92.50418090820312,1583.0
2022-02-14,69.34735107421875,91.72187042236328,1570.0
2022-02-15,69.96685028076172,92.92433166503906,1551.25
2022-02-16,70.05795288085938,93.9667739868164,1587.5
2022-02-17,69.83019256591797,91.44295501708984,1592.0
2022-02-18,69.59333038330078,90.80284881591797,1601.5
2022-02-22,69.88483428955078,90.64739990234375,1635.0
2022-02-23,68.54564666748047,91.15034484863281,1675.0
2022-02-24,69.10136413574219,93.18952941894531,1661.5
2022-02-25,71.87999725341797,96.18885803222656,1590.25
2022-02-28,71.47003173828125,95.6036148071289,1644.25
2022-03-01,71.05097198486328,96.8106689453125,1705.5
2022-03-02,73.13721466064453,98.5480728149414,1677.5
2022-03-03,74.64039611816406,99.86486053466797,1680.25
2022-03-04,75.43301391601562,99.051025390625,1676.25
2022-03-07,76.4989013671875,99.4442138671875,1674.25
2022-03-08,75.733642578125,97.21299743652344,1704.5
2022-03-09,74.5037612915039,98.28289794921875,1686.5
2022-03-10,76.80866241455078,100.35865020751953,1700.0
2022-03-11,76.16183471679688,100.52324676513672,1690.75
2022-03-14,75.22347259521484,98.89556884765625,1687.25
2022-03-15,75.44210815429688,98.81324768066406,1658.75
2022-03-16,74.20310974121094,95.15555572509766,1649.25
2022-03-17,76.32581329345703,96.37175750732422,1668.5
2022-03-18,76.50801086425781,95.93280792236328,1668.0
2022-03-21,79.40509033203125,100.66040802001953,1691.0
2022-03-22,79.76947784423828,100.88902282714844,1696.5
2022-03-23,81.16336059570312,102.37954711914062,1718.75
2022-03-24,82.38414001464844,104.23582458496094,1700.75
2022-03-25,85.171875,107.18029022216797,1710.25
2022-03-28,84.13331604003906,104.11695098876953,1664.25
2022-03-29,80.02457427978516,98.83155059814453,1643.0
2022-03-30,81.35466766357422,100.32206726074219,1664.0
2022-03-31,82.2292709350586,101.32794952392578,1618.25
2022-04-01,83.05831146240234,103.12935638427734,1582.75
2022-04-04,82.38414001464844,101.91317749023438,1602.25
2022-04-05,82.81231689453125,102.31554412841797,1631.0
2022-04-06,84.57060241699219,103.47685241699219,1619.5
2022-04-07,85.61827850341797,106.75051879882812,1645.5
2022-04-08,86.77527618408203,108.13129425048828,1689.0
2022-04-11,86.15579223632812,107.60093688964844,1655.25
2022-04-12,86.61128997802734,109.0914535522461,1670.25
2022-04-13,87.04859161376953,110.60940551757812,1676.0
2022-04-14,88.28759765625,113.35270690917969,1682.25
2022-04-18,87.87762451171875,115.91310119628906,1714.75
2022-04-19,87.39476776123047,112.69429016113281,1716.5
2022-04-20,89.48103332519531,115.21812438964844,1746.75
2022-04-21,87.50409698486328,111.8621826171875,1748.25
2022-04-22,83.97843170166016,107.84782409667969,1716.0
2022-04-25,82.86698150634766,106.43045043945312,1703.5
2022-04-26,82.57543182373047,105.03138732910156,1705.25
2022-04-27,85.5635986328125,108.78054809570312,1726.5
2022-04-28,84.2790756225586,106.83281707763672,1706.5
2022-04-29,81.59154510498047,103.44029235839844,1708.25
2022-05-02,81.3637924194336,105.37886047363281,1674.0
2022-05-03,81.77375793457031,106.77794647216797,1659.0
2022-05-04,83.04007720947266,108.52450561523438,1669.75
2022-05-05,81.45488739013672,104.99481201171875,1678.5
2022-05-06,81.7464370727539,105.36972045898438,1655.5
2022-05-09,76.85420227050781,98.60295104980469,1621.0
2022-05-10,77.4099349975586,100.88902282714844,1630.0
2022-05-11,76.85420227050781,100.3769302368164,1650.25
2022-05-12,76.92708587646484,99.82827758789062,1660.25
2022-05-13,77.79254913330078,100.20320129394531,1723.25
2022-05-16,79.42329406738281,102.93733215332031,1656.5
2022-05-17,81.11646270751953,106.52191925048828,1678.0
2022-05-18,77.3731918334961,102.22759246826172,1662.75
2022-05-19,76.7508316040039,101.36414337158203,1690.5
2022-05-20,76.87895965576172,100.47312927246094,1705.25
2022-05-23,79.2311019897461,104.20252227783203,1687.0
2022-05-24,80.32022094726562,106.05802917480469,1693.0
2022-05-25,81.24459075927734,106.30603790283203,1681.0
2022-05-26,80.82357025146484,105.57118225097656,1726.5
2022-05-27,81.39102935791016,105.37828826904297,1732.25
2022-05-31,83.12080383300781,108.68512725830078,1683.25
2022-06-01,79.32260131835938,104.80878448486328,1690.25
2022-06-02,81.71135711669922,105.8191909790039,1729.25
2022-06-03,80.4574966430664,103.78915405273438,1697.75
2022-06-06,80.91513061523438,102.78791809082031,1699.25
2022-06-07,81.93101501464844,103.62380981445312,1728.25
2022-06-08,81.09814453125,103.36662292480469,1740.0
2022-06-09,78.69110870361328,101.21717071533203,1769.0
2022-06-10,77.5013198852539,98.25019073486328,1745.5
2022-06-13,75.05767822265625,94.09825897216797,1707.5
2022-06-14,75.6617202758789,95.85272216796875,1698.5
2022-06-15,75.3047866821289,95.4577407836914,1693.75
2022-06-16,72.3302993774414,92.077392578125,1709.5
2022-06-17,70.75609588623047,89.65238189697266,1702.0
2022-06-21,72.66893768310547,90.67198944091797,1681.0
2022-06-22,70.86593627929688,85.48207092285156,1652.75
2022-06-23,65.66746520996094,80.2737808227539,1593.25
2022-06-24,68.20263671875,81.1923599243164,1610.75
2022-06-27,69.59376525878906,83.51632690429688,1630.5
2022-06-28,69.54800415039062,83.32344055175781,1663.75
2022-06-29,70.69204711914062,84.03073120117188,1674.25
2022-06-30,71.02152252197266,83.30506896972656,1675.0
2022-07-01,69.93241119384766,83.54387664794922,1626.0
2022-07-05,66.24404907226562,79.56649017333984,1575.25
2022-07-06,66.09761810302734,78.85918426513672,1580.25
2022-07-07,68.0927963256836,81.52304077148438,1591.25
2022-07-08,67.12266540527344,80.55854797363281,1630.25
2022-07-11,66.47283935546875,80.03495025634766,1641.0
2022-07-12,66.67420196533203,80.45748901367188,1592.75
2022-07-13,66.52777099609375,80.01658630371094,1588.25
2022-07-14,65.62168884277344,78.65711212158203,1610.0
2022-07-15,65.8962631225586,79.37359619140625,1466.0
2022-07-18,66.39962768554688,80.5677261352539,1497.25
2022-07-19,67.57112884521484,82.67124938964844,1477.25
2022-07-20,68.24839782714844,84.40735626220703,1449.0
2022-07-21,67.7450180053711,84.13177490234375,1418.5
2022-07-22,67.58026123046875,83.60819244384766,1434.5
2022-07-25,69.20938110351562,86.52922821044922,1473.0
2022-07-26,72.22962188720703,87.56722259521484,1532.75
2022-07-27,73.62991333007812,84.06747436523438,1578.75
2022-07-28,72.62317657470703,82.046630859375,1609.25
2022-07-29,75.75323486328125,84.81153106689453,1637.0
2022-08-01,77.1169204711914,86.19854736328125,1594.25
2022-08-02,75.77156066894531,85.37183380126953,1569.25
2022-08-03,75.2773208618164,87.3100357055664,1558.0
2022-08-04,75.06682586669922,87.3100357055664,1615.0
2022-08-05,75.74408721923828,88.87158966064453,1614.75
2022-08-08,75.49697875976562,88.44905090332031,1619.5
2022-08-09,75.83560943603516,89.4502944946289,1693.25
2022-08-10,76.51287841796875,89.88202667236328,1688.75
2022-08-11,77.00709533691406,90.561767578125,1709.5
2022-08-12,79.25855255126953,92.99596405029297,1669.25
2022-08-15,78.8283920288086,92.17842864990234,1494.0
2022-08-16,79.60997772216797,91.41603088378906,1454.25
2022-08-17,79.39848327636719,91.94880676269531,1475.25
2022-08-18,80.56624603271484,93.0718765258789,1495.5
2022-08-19,80.20764923095703,92.45256805419922,1488.75
2022-08-22,79.57318878173828,91.78704833984375,1527.0
2022-08-23,80.96163177490234,94.1995849609375,1566.75
2022-08-24,81.504150390625,93.66346740722656,1560.75
2022-08-25,83.59138488769531,95.15164947509766,1552.5
2022-08-26,82.35006713867188,94.57855987548828,1605.25
2022-08-29,83.45347595214844,95.94659423828125,1534.75
2022-08-30,80.52027130126953,92.32315063476562,1513.0
2022-08-31,80.81450653076172,91.66688537597656,1507.5
2022-09-01,80.52947235107422,90.65010070800781,1472.75
2022-09-02,80.55704498291016,91.51898956298828,1510.5
2022-09-06,78.80081176757812,86.98046875,1490.0
2022-09-07,80.20764923095703,88.3392562866211,1466.75
2022-09-08,83.02129364013672,89.5408935546875,1470.5
2022-09-09,84.10630798339844,89.55938720703125,1489.25
2022-09-12,81.10874938964844,87.72918701171875,1549.75
2022-09-13,79.39848327636719,85.90823364257812,1534.25
2022-09-14,79.23297882080078,85.2242202758789,1503.75
2022-09-15,78.39624786376953,84.29988098144531,1451.5
2022-09-16,77.94568634033203,82.68228912353516,1448.5
2022-09-19,80.2995834350586,84.34609985351562,1461.25
2022-09-20,79.76628112792969,83.38480377197266,1478.75
2022-09-21,79.07666015625,82.72850799560547,1461.25
2022-09-22,79.14102172851562,81.61929321289062,1457.0
2022-09-23,75.07685852050781,76.89591979980469,1425.75
2022-09-26,74.94813537597656,75.72200012207031,1411.25
2022-09-27,74.31367492675781,75.99005889892578,1408.0
2022-09-28,76.23542022705078,77.55218505859375,1408.75
2022-09-29,74.1205825805664,76.01778411865234,1410.75
2022-09-30,73.97346496582031,76.32280731201172,1364.75
2022-10-03,76.34575653076172,78.00511169433594,1374.0
2022-10-04,78.80081176757812,81.46214294433594,1383.5
2022-10-05,79.32492065429688,81.1016616821289,1369.75
2022-10-06,78.8468017578125,79.7243881225586,1358.0
2022-10-07,78.56175231933594,79.04962921142578,1367.0
2022-10-10,79.6375503540039,80.04790496826172,1374.0
2022-10-11,79.35252380371094,79.67817687988281,1376.25
2022-10-12,79.10424041748047,80.97224426269531,1396.0
2022-10-13,81.68802642822266,83.51419830322266,1395.75
2022-10-14,76.6675796508789,78.55973052978516,1383.75
2022-10-17,78.85600280761719,81.19409942626953,1385.25
2022-10-18,80.70417785644531,82.54363250732422,1372.0
2022-10-19,81.23747253417969,83.74528503417969,1372.5
2022-10-20,81.2190933227539,83.03352355957031,1391.5
2022-10-21,82.46959686279297,83.93016052246094,1395.5
2022-10-24,82.09261322021484,84.2166976928711,1372.0
2022-10-25,83.8028793334961,85.01163482666016,1382.0
2022-10-26,86.05563354492188,90.96439361572266,1381.75
2022-10-27,86.55216979980469,90.45600128173828,1382.25
2022-10-28,87.2417984008789,89.43922424316406,1387.75
2022-10-31,89.1727294921875,91.23243713378906,1407.0
2022-11-01,89.67845916748047,92.22148132324219,1435.75
2022-11-02,88.08773803710938,91.67610168457031,1440.0
2022-11-03,88.52908325195312,91.26016998291016,1426.75
2022-11-04,87.5268325805664,91.9996337890625,1451.5
2022-11-07,87.90382385253906,95.4012222290039,1440.0
2022-11-08,88.63024139404297,96.6490707397461,1444.0
2022-11-09,85.56829833984375,92.3693618774414,1459.75
2022-11-10,86.69009399414062,94.4583969116211,1430.5
2022-11-11,85.57750701904297,93.82984161376953,1455.5
2022-11-14,86.69009399414062,91.38033294677734,1441.75
2022-11-15,87.29032135009766,92.21224212646484,1457.25
2022-11-16,87.89974975585938,91.88873291015625,1429.25
2022-11-17,87.35494995117188,92.54450225830078,1417.0
2022-11-18,87.86282348632812,93.6700210571289,1428.25
2022-11-21,88.7492904663086,94.20955657958984,1436.75
2022-11-22,90.1898193359375,94.48859405517578,1429.75
2022-11-23,89.36799621582031,94.11652374267578,1436.0
2022-11-25,89.94051361083984,94.67462921142578,1436.25
2022-11-28,88.87859344482422,95.23274230957031,1457.25
2022-11-29,89.06326293945312,96.88850402832031,1459.5
2022-11-30,90.0328598022461,97.52101135253906,1469.5
2022-12-01,84.3261489868164,92.03289031982422,1429.75
2022-12-02,84.68628692626953,88.20983123779297,1438.5
2022-12-05,83.81828308105469,86.80524444580078,1437.75
2022-12-06,83.89214324951172,88.8051528930664,1455.0
2022-12-07,86.03446960449219,88.84235382080078,1472.0
2022-12-08,85.32344055175781,89.63302612304688,1486.25
2022-12-09,84.84326171875,88.84235382080078,1483.75
2022-12-12,86.18222045898438,88.8051528930664,1460.5
2022-12-13,86.08988189697266,87.87495422363281,1479.75
2022-12-14,85.69281005859375,89.51209259033203,1482.25
2022-12-15,85.34191131591797,89.99578857421875,1473.5
2022-12-16,85.24032592773438,89.37255859375,1480.0
2022-12-19,85.5542984008789,89.47488403320312,1460.75
2022-12-20,85.82209014892578,89.73533630371094,1478.5
2022-12-21,87.05020904541016,90.96318817138672,1481.0
2022-12-22,86.32997131347656,90.33064270019531,1467.75
2022-12-23,87.37342071533203,92.05149841308594,1479.0
2022-12-27,88.56462097167969,93.55841064453125,1482.25
2022-12-28,86.45000457763672,92.55380249023438,1506.5
2022-12-29,85.9883041381836,92.82355499267578,1508.75
2022-12-30,85.73898315429688,92.80496215820312,1519.25
2023-01-03,82.78404998779297,88.89815521240234,1487.25
2023-01-04,79.77371978759766,88.36795806884766,1478.25
2023-01-05,77.7791519165039,86.67501068115234,1466.75
2023-01-06,79.36741638183594,89.87487030029297,1501.5
2023-01-09,78.83184814453125,91.19573974609375,1503.5
2023-01-10,79.62598419189453,90.7027359008789,1510.0
2023-01-11,80.04150390625,91.58641052246094,1515.0
2023-01-12,80.69712829589844,93.5212173461914,1529.5
2023-01-13,81.62977600097656,93.40958404541016,1538.25
2023-01-17,81.34351348876953,94.13512420654297,1539.75
2023-01-18,78.49017333984375,91.05620574951172,1524.5
2023-01-19,78.77642059326172,91.52130126953125,1514.75
2023-01-20,78.25932312011719,90.62830352783203,1506.5
2023-01-23,77.88995361328125,88.97257995605469,1490.25
2023-01-24,79.20118713378906,89.82836151123047,1488.5
2023-01-25,79.01652526855469,90.11670684814453,1502.5
2023-01-26,78.39784240722656,92.78636169433594,1523.5
2023-01-27,77.22509765625,90.78644561767578,1509.5
2023-01-30,75.95079803466797,90.29344177246094,1535.25
2023-01-31,76.50484466552734,92.1817398071289,1538.0
2023-02-01,76.98501586914062,93.13052368164062,1520.25
2023-02-02,76.00619506835938,91.81896209716797,1534.25
2023-02-03,75.97848510742188,91.23294067382812,1532.0
2023-02-06,76.2370376586914,92.62822723388672,1521.25
2023-02-07,76.32938385009766,92.05149841308594,1515.25
2023-02-08,75.76302337646484,91.33527374267578,1519.75
2023-02-09,74.83454895019531,89.39115142822266,1519.25
2023-02-10,76.21796417236328,91.98638916015625,1542.5
2023-02-13,76.04156494140625,91.38177490234375,1542.75
2023-02-14,75.93014526367188,92.98168182373047,1537.5
2023-02-15,75.89301300048828,93.04253387451172,1525.75
2023-02-16,75.59589385986328,91.31085968017578,1526.5
2023-02-17,75.75373077392578,91.32958221435547,1527.25
2023-02-21,75.57732391357422,90.01912689208984,1548.75
2023-02-22,75.77230834960938,91.5916748046875,1539.5
2023-02-23,76.18083953857422,92.12521362304688,1534.25
2023-02-24,75.61446380615234,91.78823852539062,1529.0
2023-02-27,75.3823471069336,90.97388458251953,1518.25
2023-02-28,73.90607452392578,89.39197540283203,1490.5
2023-03-01,73.57183837890625,89.08308410644531,1504.25
2023-03-02,74.80670166015625,91.32023620605469,1519.75
2023-03-03,75.26163482666016,92.45282745361328,1530.5
2023-03-06,75.57732391357422,91.78823852539062,1541.0
2023-03-07,74.02677917480469,90.96453094482422,1525.25
2023-03-08,74.19390869140625,90.62754821777344,1526.75
2023-03-09,72.4112548828125,88.8397216796875,1520.0
2023-03-10,71.17639923095703,86.63064575195312,1513.0
2023-03-13,71.69632720947266,85.54485321044922,1500.0
2023-03-14,73.30258178710938,97.92869567871094,1499.75
2023-03-15,71.31565856933594,90.59947204589844,1489.25
2023-03-16,70.99998474121094,90.533935546875,1491.5
2023-03-17,68.94805908203125,86.21880340576172,1476.5
2023-03-20,71.42707061767578,88.96139526367188,1486.0
2023-03-21,72.13272094726562,90.9832534790039,1467.0
2023-03-22,71.46420288085938,89.52302551269531,1448.5
2023-03-23,69.75582885742188,87.5573501586914,1419.5
2023-03-24,71.12997436523438,87.9223861694336,1428.25
2023-03-27,72.18841552734375,89.70087432861328,1442.25
2023-03-28,72.93119049072266,90.42161560058594,1467.75
2023-03-29,73.3397216796875,90.79603576660156,1477.25
2023-03-30,73.78539276123047,89.24220275878906,1474.5
2023-03-31,73.96178436279297,89.41069793701172,1505.5
2023-04-03,74.66742706298828,90.47777557373047,1522.0
2023-04-04,73.70182800292969,88.46529388427734,1517.5
2023-04-05,73.72968292236328,86.3404769897461,1511.0
2023-04-06,73.10759735107422,86.54641723632812,1492.5
2023-04-10,74.32389831542969,88.14704132080078,1487.25
2023-04-11,75.56805419921875,89.12989044189453,1497.25
2023-04-12,75.30807495117188,88.4840087890625,1504.25
2023-04-13,75.41020202636719,87.33267974853516,1501.0
2023-04-14,75.93943786621094,88.3623275756836,1500.5
2023-04-17,76.32011413574219,89.62599182128906,1517.0
2023-04-18,76.64506530761719,91.54486846923828,1519.25
2023-04-19,76.08797454833984,90.5620346069336,1506.5
2023-04-20,75.20594787597656,90.22504425048828,1497.5
2023-04-21,74.74171447753906,89.01757049560547,1483.5
2023-04-24,75.02024841308594,89.14860534667969,1465.25
2023-04-25,70.47075653076172,85.53549194335938,1445.25
2023-04-26,71.5199203491211,86.14391326904297,1436.0
2023-04-27,72.42981719970703,86.7616958618164,1426.75
2023-04-28,72.49481201171875,87.61349487304688,1444.25
2023-05-01,72.2348403930664,86.62129974365234,1454.75
2023-05-02,70.11793518066406,85.3201904296875,1439.5
2023-05-03,69.65370178222656,84.98321533203125,1448.0
2023-05-04,68.91092681884766,83.63532257080078,1448.5
2023-05-05,70.5264663696289,84.75858306884766,1469.0
2023-05-08,70.00651550292969,84.4403076171875,1468.75
2023-05-09,69.65370178222656,83.5885238647461,1451.75
2023-05-10,69.3008804321289,83.85997009277344,1436.5
2023-05-11,69.54228973388672,84.21566772460938,1443.25
2023-05-12,69.98793029785156,84.52456665039062,1435.0
2023-05-15,70.61931610107422,86.10645294189453,1400.75
2023-05-16,68.32168579101562,83.41067504882812,1364.0
2023-05-17,68.22828674316406,83.95356750488281,1337.0
2023-05-18,67.98543548583984,83.7226333618164,1333.25
2023-05-19,68.39640045166016,85.25908660888672,1307.25
2023-05-22,68.592529296875,85.27793884277344,1341.25
2023-05-23,70.09626770019531,86.5410385131836,1322.5
2023-05-24,68.04147338867188,85.26851654052734,1324.5
2023-05-25,68.85404968261719,88.23773956298828,1324.0
2023-05-26,67.92940521240234,88.88814544677734,1337.25
2023-05-30,66.71519470214844,88.54879760742188,1296.5
2023-05-31,65.98668670654297,87.32341003417969,1299.75
2023-06-01,65.89330291748047,85.79637908935547,1329.5
2023-06-02,67.21956634521484,86.98406982421875,1352.5
2023-06-05,66.56575012207031,86.47504425048828,1350.0
2023-06-06,67.6118392944336,87.12545013427734,1353.25
2023-06-07,68.51781463623047,88.7844467163086,1360.75
2023-06-08,67.43438720703125,85.94718170166016,1363.25
2023-06-09,67.75193786621094,88.24717712402344,1386.5
2023-06-12,68.3403549194336,88.40740966796875,1372.75
2023-06-13,69.37709045410156,90.65081787109375,1399.25
2023-06-14,68.32168579101562,89.84960174560547,1388.25
2023-06-15,69.63860321044922,88.79386138916016,1428.25
2023-06-16,70.49788665771484,90.89590454101562,1466.5
2023-06-20,69.19029235839844,88.14347839355469,1477.25
2023-06-21,68.61122131347656,86.55046081542969,1514.75
2023-06-22,68.23762512207031,87.91724395751953,1500.5
2023-06-23,68.08817291259766,88.64306640625,1494.5
2023-06-26,68.77934265136719,87.54961395263672,1521.0
2023-06-27,69.0128402709961,87.10660552978516,1495.0
2023-06-28,69.05952453613281,86.5410385131836,1451.0
2023-06-29,69.69464874267578,87.48365020751953,1483.0
2023-06-30,70.57260131835938,88.93526458740234,1557.25
2023-07-03,71.6653823852539,91.54630279541016,1562.0
2023-07-05,72.3098373413086,92.80939483642578,1547.25
2023-07-06,71.95491027832031,92.64915466308594,1525.75
2023-07-07,72.86089324951172,95.1941909790039,1485.5
2023-07-10,73.35591125488281,94.43067932128906,1508.0
2023-07-11,75.15852355957031,96.24993133544922,1520.5
2023-07-12,73.53337097167969,94.88314056396484,1488.5
2023-07-13,73.94432067871094,94.7794418334961,1518.0
2023-07-14,73.03834533691406,93.949951171875,1495.75
2023-07-17,74.30857849121094,95.87287139892578,1484.0
2023-07-18,75.4200439453125,97.06999969482422,1492.0
2023-07-19,75.65352630615234,97.96546936035156,1491.5
2023-07-20,77.17594909667969,99.53020477294922,1495.0
2023-07-21,76.71829223632812,98.82324981689453,1501.0
2023-07-24,77.624267578125,99.9920883178711,1523.25
2023-07-25,80.37020874023438,101.80191040039062,1515.5
2023-07-26,81.16410064697266,102.50885772705078,1546.25
2023-07-27,80.12737274169922,101.6604995727539,1532.0
2023-07-28,80.68775939941406,102.1412353515625,1486.75
2023-07-31,79.3521499633789,102.4334487915039,1445.75
2023-08-01,79.370849609375,102.19778442382812,1446.75
2023-08-02,79.19337463378906,106.41126251220703,1429.75
2023-08-03,79.36149597167969,107.82516479492188,1428.75
2023-08-04,79.90320587158203,108.1268081665039,1444.0
2023-08-07,81.45365142822266,109.32392883300781,1414.5
2023-08-08,80.7344741821289,107.54238891601562,1430.0
2023-08-09,80.18340301513672,106.23217010498047,1431.5
2023-08-10,80.23011016845703,105.70431518554688,1412.0
2023-08-11,79.22139739990234,105.78913879394531,1401.25
2023-08-14,79.3334732055664,106.40181732177734,1391.0
2023-08-15,77.3991928100586,105.19529724121094,1323.25
2023-08-16,77.15505981445312,104.87480163574219,1334.75
2023-08-17,77.50247955322266,105.3233413696289,1336.75
2023-08-18,77.77478790283203,106.7077865600586,1362.75
2023-08-21,77.47431182861328,107.14399719238281,1370.0
2023-08-22,75.84050750732422,105.62677764892578,1351.5
2023-08-23,76.17852020263672,106.31900787353516,1359.5
2023-08-24,75.42736053466797,106.29055786132812,1365.75
2023-08-25,75.8968505859375,106.87847900390625,1381.0
2023-08-28,75.93440246582031,107.68450164794922,1395.25
2023-08-29,76.62925720214844,107.98794555664062,1382.0
2023-08-30,75.82173156738281,108.57586669921875,1381.25
2023-08-31,74.46022033691406,108.40518188476562,1360.0
2023-09-01,74.9203109741211,109.06896209716797,1356.25
2023-09-05,74.06585693359375,107.23880767822266,1349.0
2023-09-06,72.73251342773438,105.07677459716797,1360.25
2023-09-07,73.73721313476562,106.64140319824219,1345.0
2023-09-08,74.00012969970703,106.56554412841797,1349.5
2023-09-11,73.93440246582031,108.92671966552734,1352.5
2023-09-12,74.8357925415039,108.49053192138672,1331.75
2023-09-13,74.77947235107422,107.29572296142578,1336.0
2023-09-14,75.72783660888672,109.33448028564453,1343.75
2023-09-15,74.50717163085938,106.5940170288086,1340.25
2023-09-18,74.35693359375,108.03536224365234,1316.75
2023-09-19,74.27242279052734,107.03020477294922,1315.5
2023-09-20,74.53534698486328,106.76468658447266,1320.0
2023-09-21,74.06585693359375,107.37158203125,1293.75
2023-09-22,72.28181457519531,104.68800354003906,1296.25
2023-09-25,72.58229064941406,104.96299743652344,1297.75
2023-09-26,71.42735290527344,103.32249450683594,1302.75
2023-09-27,71.69966125488281,103.90094757080078,1303.25
2023-09-28,71.39917755126953,104.88713836669922,1300.5
2023-09-29,70.8170166015625,102.64923858642578,1275.0
2023-10-02,69.67147064208984,101.16995239257812,1277.0
2023-10-03,69.3052749633789,100.25962829589844,1272.75
2023-10-04,68.98603820800781,99.11221313476562,1273.0
2023-10-05,68.66678619384766,98.4674072265625,1280.75
2023-10-06,68.41325378417969,97.78466033935547,1266.0
2023-10-09,69.38980102539062,100.03203582763672,1264.25
2023-10-10,69.62451934814453,99.08377075195312,1271.5
2023-10-11,69.20199584960938,96.71312713623047,1252.5
2023-10-12,68.32875061035156,96.03986358642578,1290.0
2023-10-13,68.84518432617188,96.88380432128906,1280.25
2023-10-16,69.97195434570312,97.98379516601562,1286.25
2023-10-17,70.61045837402344,99.68118286132812,1296.75
2023-10-18,69.97195434570312,99.86135864257812,1311.0
2023-10-19,69.33344268798828,98.28723907470703,1315.5
2023-10-20,68.40386962890625,96.34329986572266,1302.25
2023-10-23,67.98133850097656,96.19157409667969,1286.75
2023-10-24,65.23017120361328,95.50883483886719,1295.25
2023-10-25,66.7137451171875,96.89330291748047,1288.25
2023-10-26,67.46491241455078,100.87599182128906,1279.5
2023-10-27,65.76536560058594,99.96565246582031,1297.25
2023-10-30,67.06114959716797,100.95185089111328,1282.75
2023-10-31,67.20198822021484,100.49668884277344,1287.0
2023-11-01,67.01419830322266,100.57254028320312,1291.25
2023-11-02,68.0001220703125,100.01306915283203,1304.0
2023-11-03,68.46022033691406,100.57254028320312,1327.5
2023-11-06,68.1315689086914,99.96565246582031,1340.5
2023-11-07,67.70903015136719,99.20706176757812,1348.75
2023-11-08,67.63392639160156,97.44328308105469,1349.0
2023-11-09,67.75598907470703,98.495849609375,1327.75
2023-11-10,68.07523345947266,99.12171173095703,1333.5
2023-11-13,68.582275390625,98.69499969482422,1368.0
2023-11-14,69.78216552734375,100.7052993774414,1368.75
2023-11-15,70.14118194580078,101.26477813720703,1385.0
2023-11-16,69.83885955810547,101.0768051147461,1360.25
2023-11-17,69.87664794921875,101.90693664550781,1340.25
2023-11-20,69.54596710205078,102.76570129394531,1367.25
2023-11-21,69.65934753417969,103.2427978515625,1377.25
2023-11-22,70.2262191772461,104.52140808105469,1356.5
2023-11-24,70.1978759765625,103.0615005493164,1330.75
2023-11-27,69.14915466308594,102.61304473876953,1329.75
2023-11-28,69.961669921875,103.44318389892578,1346.5
2023-11-29,69.14915466308594,103.14737701416016,1347.0
2023-11-30,69.65934753417969,104.83628845214844,1342.75
2023-12-01,70.93479919433594,104.20653533935547,1325.0
2023-12-04,70.50965118408203,102.80387115478516,1306.25
2023-12-05,70.04669952392578,101.23900604248047,1305.5
2023-12-06,69.14915466308594,99.43560791015625,1295.5
2023-12-07,69.75382995605469,99.33064270019531,1311.75
2023-12-08,69.67823028564453,99.71231842041016,1304.0
2023-12-11,70.93479919433594,100.18941497802734,1336.0
2023-12-12,70.46240997314453,99.59780883789062,1323.75
2023-12-13,71.1048812866211,100.31344604492188,1307.5
2023-12-14,72.20082092285156,100.4852066040039,1314.0
2023-12-15,71.56781768798828,99.97948455810547,1315.75
2023-12-18,68.34608459472656,98.97760009765625,1327.0
2023-12-19,69.85773468017578,100.44702911376953,1312.5
2023-12-20,66.7777328491211,96.92609405517578,1308.25
2023-12-21,67.01392364501953,96.5921401977539,1297.25
2023-12-22,67.51465606689453,96.98333740234375,1299.75
2023-12-26,68.39332580566406,97.79439544677734,1313.25
2023-12-27,68.18546295166016,97.3364028930664,1316.75
2023-12-28,68.27994537353516,96.96427154541016,1305.25
2023-12-29,68.23271179199219,96.32495880126953,1293.5
2024-01-02,68.74288940429688,96.84976196289062,1274.0
2024-01-03,69.09246063232422,95.67610168457031,1269.5
2024-01-04,67.78865814208984,94.41658782958984,1262.0
2024-01-05,66.90055084228516,93.5291976928711,1249.75
2024-01-08,67.13675689697266,94.61697387695312,1239.5
2024-01-09,66.76828002929688,92.24105072021484,1241.5
2024-01-10,65.50226593017578,90.56169128417969,1228.75
2024-01-11,65.6345443725586,90.95289611816406,1231.25
2024-01-12,65.71957397460938,90.54259490966797,1205.75
2024-01-16,65.28495788574219,90.45671844482422,1227.25
2024-01-17,65.11489868164062,90.17046356201172,1205.75
2024-01-18,64.94483947753906,89.7887954711914,1213.5
2024-01-19,64.42520904541016,88.43384552001953,1213.25
2024-01-22,48.836177825927734,84.6934585571289,1224.25
2024-01-23,49.42194747924805,86.04839324951172,1239.5
2024-01-24,49.724281311035156,85.02741241455078,1240.25
2024-01-25,48.543296813964844,84.39764404296875,1223.0
2024-01-26,49.176300048828125,84.2545166015625,1209.25
2024-01-29,51.906742095947266,84.93199157714844,1194.25
2024-01-30,52.90821838378906,86.16289520263672,1218.75
2024-01-31,52.511409759521484,84.05414581298828,1222.25
2024-02-01,53.62625503540039,86.2583236694336,1203.25
2024-02-02,52.615333557128906,86.32510375976562,1188.5
2024-02-05,50.03606033325195,84.92244720458984,1196.25
2024-02-06,50.42341613769531,85.90526580810547,1199.5
2024-02-07,50.432960510253906,83.9205551147461,1189.0
2024-02-08,50.261287689208984,82.53700256347656,1193.5
2024-02-09,50.595096588134766,84.48352813720703,1183.5
2024-02-12,51.2531623840332,86.5254898071289,1193.0
2024-02-13,50.041934967041016,84.56940460205078,1186.25
2024-02-14,50.80491256713867,85.41862487792969,1170.5
2024-02-15,51.796783447265625,87.15186309814453,1162.25
2024-02-16,51.16732406616211,88.13239288330078,1172.25
2024-02-20,50.92889404296875,88.1227798461914,1179.0
2024-02-21,51.405757904052734,89.45899200439453,1160.75
2024-02-22,51.21501159667969,90.5837173461914,1147.75
2024-02-23,50.97657775878906,90.02616882324219,1133.0
2024-02-26,50.709537506103516,89.59357452392578,1136.0
2024-02-27,50.34712600708008,89.51667022705078,1131.25
2024-02-28,50.556941986083984,90.1126708984375,1134.0
2024-02-29,50.65231704711914,90.71829986572266,1128.25
2024-03-01,51.73003005981445,89.5070571899414,1143.0
2024-03-04,50.757225036621094,86.6039047241211,1147.0
2024-03-05,50.98611831665039,87.90167999267578,1140.75
2024-03-06,51.644187927246094,88.32464599609375,1140.25
2024-03-07,51.73956298828125,88.91104125976562,1157.0
2024-03-08,52.27364730834961,88.63225555419922,1170.5
2024-03-11,52.3690185546875,90.17996215820312,1165.0
2024-03-12,54.42906951904297,90.04537963867188,1182.0
2024-03-13,55.57353210449219,91.10282135009766,1181.75
2024-03-14,55.51630783081055,90.56449127197266,1180.75
2024-03-15,56.565406799316406,91.86225128173828,1198.25
2024-03-18,57.614505767822266,92.94852447509766,1187.75
2024-03-19,58.205814361572266,93.97712707519531,1185.5
2024-03-20,58.472862243652344,93.64065551757812,1209.5
2024-03-21,59.579185485839844,96.23619079589844,1212.0
2024-03-22,59.13092803955078,95.38063049316406,1192.5
2024-03-25,59.61732482910156,96.07276916503906,1209.25
2024-03-26,58.95925521850586,95.99586486816406,1199.0
2024-03-27,60.07511520385742,98.45679473876953,1192.5
2024-03-28,59.903446197509766,98.55292510986328,1191.5
2024-04-01,59.46472930908203,98.33184051513672,1185.75
2024-04-02,59.79853820800781,99.87952423095703,1174.0
2024-04-03,59.75084686279297,99.73534393310547,1182.25
2024-04-04,60.31354904174805,101.39839172363281,1180.0
2024-04-05,60.52336502075195,102.72499084472656,1185.0
2024-04-08,60.256324768066406,102.39814758300781,1181.5
2024-04-09,60.9430046081543,102.91725158691406,1174.5
2024-04-10,60.93346405029297,103.47481536865234,1164.75
2024-04-11,59.67454528808594,101.82135772705078,1159.25
2024-04-12,58.14859390258789,99.75455474853516,1174.0
2024-04-15,57.719417572021484,99.90837097167969,1158.25
2024-04-16,57.480987548828125,99.92759704589844,1145.0
2024-04-17,57.62403869628906,101.34071350097656,1149.5
2024-04-18,58.863887786865234,102.38853454589844,1134.25
2024-04-19,59.70315933227539,105.28205871582031,1150.5
2024-04-22,59.607791900634766,105.50315856933594,1161.0
2024-04-23,58.93064880371094,105.37820434570312,1167.5
2024-04-24,58.71128845214844,101.69640350341797,1166.0
2024-04-25,58.17720031738281,100.03333282470703,1162.75
2024-04-26,57.318851470947266,98.75481414794922,1159.5
2024-04-29,57.88154602050781,99.47579193115234,1160.75
2024-04-30,55.94548797607422,97.82234191894531,1145.5
2024-05-01,55.66890335083008,97.0436782836914,1155.75
2024-05-02,56.60355758666992,97.43782043457031,1190.0
2024-05-03,56.431884765625,97.23594665527344,1201.75
2024-05-06,57.404685974121094,98.30299377441406,1234.75
2024-05-07,58.73990249633789,100.3121109008789,1232.25
2024-05-08,59.15953826904297,101.28302764892578,1212.75
2024-05-09,59.55056381225586,101.3118896484375,1192.75
2024-05-10,60.06557846069336,101.9271011352539,1205.0
2024-05-13,59.73177719116211,103.44596862792969,1205.5
2024-05-14,58.81619644165039,99.43733215332031,1199.0
2024-05-15,57.76814270019531,97.80310821533203,1213.5
2024-05-16,59.220035552978516,100.19676208496094,1216.25
2024-05-17,59.24888229370117,99.75164794921875,1228.0
2024-05-20,58.527740478515625,98.96788787841797,1248.0
2024-05-21,58.912349700927734,99.96453094482422,1236.25
2024-05-22,59.51810836791992,99.79035949707031,1246.25
2024-05-23,58.383514404296875,99.05497741699219,1239.25
2024-05-24,58.1623649597168,100.40962982177734,1248.0
2024-05-28,58.546974182128906,102.97382354736328,1229.5
2024-05-29,57.720062255859375,102.7319107055664,1214.0
2024-05-30,57.82583236694336,101.73526763916016,1209.75
2024-05-31,60.03732681274414,104.1059341430664,1205.0
2024-06-03,59.604644775390625,104.8026123046875,1184.5
2024-06-04,59.441184997558594,103.34151458740234,1179.0
2024-06-05,58.72004318237305,100.36125183105469,1177.25
2024-06-06,58.81619644165039,101.71592712402344,1200.0
2024-06-07,58.912349700927734,100.75797271728516,1179.25
2024-06-10,59.566184997558594,102.32550811767578,1188.25
2024-06-11,59.12388610839844,102.49000549316406,1178.0
2024-06-12,58.14313507080078,101.99652862548828,1177.25
2024-06-13,58.393131256103516,99.80004119873047,1189.5
2024-06-14,57.21045684814453,99.50007629394531,1179.75
2024-06-17,57.845062255859375,99.64521789550781,1157.75
2024-06-18,57.604679107666016,99.12271118164062,1174.0
2024-06-20,58.662349700927734,99.99356079101562,1155.25
2024-06-21,58.98927307128906,102.44163513183594,1160.5
2024-06-24,59.7392578125,104.66714477539062,1175.25
2024-06-25,58.31620788574219,103.28346252441406,1163.25
2024-06-26,58.3354377746582,103.71888732910156,1162.75
2024-06-27,58.277748107910156,104.1543197631836,1152.25
2024-06-28,58.1239013671875,103.31248474121094,1150.5
2024-07-01,58.30659484863281,103.84468078613281,1159.5
2024-07-02,59.7392578125,106.80558776855469,1165.0
2024-07-03,60.277706146240234,105.84764099121094,1176.5
2024-07-05,58.9988899230957,105.07355499267578,1188.5
2024-07-08,60.941162109375,106.81526184082031,1174.25
2024-07-09,60.700782775878906,106.38951110839844,1161.5
2024-07-10,61.758453369140625,107.58936309814453,1141.25
2024-07-11,61.77768325805664,106.92169952392578,1142.75
2024-07-12,61.80652618408203,107.50226593017578,1134.5
2024-07-15,60.96038818359375,106.7572021484375,1078.0
2024-07-16,62.075748443603516,107.78287506103516,1090.5
2024-07-17,63.19112014770508,108.47956085205078,1097.25
2024-07-18,62.29690170288086,108.58600616455078,1098.5
2024-07-19,61.719993591308594,108.29571533203125,1097.25
2024-07-22,61.6815299987793,109.19560241699219,1117.75
2024-07-23,59.82579803466797,107.26036834716797,1117.5
2024-07-24,60.2392463684082,108.46021270751953,1111.0
2024-07-25,60.88346481323242,109.2923583984375,1116.0
2024-07-26,61.51806640625,110.60830688476562,1077.5
2024-07-29,60.86423873901367,109.89228057861328,1054.75
2024-07-30,60.09502029418945,110.85022735595703,1027.25
2024-07-31,59.62387466430664,101.8223648071289,1028.5
2024-08-01,58.15275192260742,99.73231506347656,1022.0
2024-08-02,56.64316177368164,95.2328872680664,1029.25
2024-08-05,55.94124984741211,92.32037353515625,1044.25
2024-08-06,55.729713439941406,92.22359466552734,1028.5
2024-08-07,55.94124984741211,92.59129333496094,1020.25
2024-08-08,56.22970962524414,94.23624420166016,1009.75
2024-08-09,56.191246032714844,93.74275207519531,1028.0
2024-08-12,55.83548355102539,93.81048583984375,1012.0
2024-08-13,56.1335563659668,93.47181701660156,989.0
2024-08-14,56.1335563659668,92.65901947021484,979.75
2024-08-15,56.595088958740234,92.90093231201172,951.5
2024-08-16,56.81623458862305,93.38473510742188,938.75
2024-08-19,57.3835334777832,93.79402160644531,956.25
2024-08-20,56.73931121826172,92.7513198852539,957.25
2024-08-21,57.42782974243164,93.87198638916016,963.0
2024-08-22,57.45691680908203,94.00840759277344,941.25
2024-08-23,58.66909408569336,96.12303161621094,952.0
2024-08-26,58.90182876586914,98.06224822998047,959.75
2024-08-27,58.72727966308594,97.76016998291016,967.5
2024-08-28,59.11517333984375,98.2474136352539,958.5
2024-08-29,58.998802185058594,98.48128509521484,973.75
2024-08-30,59.144264221191406,98.79312133789062,982.0
2024-09-03,58.785457611083984,96.76619720458984,997.0
2024-09-04,59.561248779296875,97.65296936035156,1006.0
2024-09-05,58.252105712890625,96.22048950195312,1008.25
2024-09-06,57.670265197753906,95.92814636230469,989.25
2024-09-09,57.6993522644043,96.39588928222656,1000.0
2024-09-10,57.262969970703125,93.7258071899414,977.5
2024-09-11,57.21448516845703,93.45294952392578,979.75
2024-09-12,57.81571960449219,93.96942901611328,991.5
2024-09-13,58.56242370605469,94.89517974853516,986.75
2024-09-16,58.581817626953125,94.80747985839844,1004.5
2024-09-17,58.63029861450195,95.19728088378906,1006.0
2024-09-18,58.69818115234375,95.21676635742188,1014.0
2024-09-19,60.56007766723633,97.79914855957031,1013.25
2024-09-20,59.50306701660156,96.27896118164062,1012.0
2024-09-23,59.06668472290039,94.95365142822266,1039.25
2024-09-24,58.89213562011719,94.5833511352539,1042.25
2024-09-25,56.38051223754883,92.30306243896484,1053.25
2024-09-26,57.57328796386719,93.42372131347656,1041.0
2024-09-27,58.18422317504883,95.23625946044922,1065.75
2024-09-30,57.932090759277344,94.174072265625,1057.0
2024-10-01,57.718753814697266,95.18753814697266,1057.25
2024-10-02,57.010841369628906,94.47615814208984,1056.0
2024-10-03,56.70052719116211,94.20330047607422,1046.0
2024-10-04,57.43752670288086,95.66502380371094,1037.75
2024-10-07,57.0787239074707,96.41539001464844,1034.0
2024-10-08,55.80836486816406,95.73324584960938,1016.25
2024-10-09,55.24591827392578,93.91096496582031,1020.25
2024-10-10,55.556236267089844,93.6088638305664,1014.75
2024-10-11,56.21565628051758,94.49564361572266,1005.5
2024-10-14,56.157474517822266,93.7647933959961,996.0
2024-10-15,55.92473602294922,92.26408386230469,991.0
2024-10-16,56.525970458984375,92.69285583496094,980.0
2024-10-17,56.85568618774414,93.16060638427734,988.75
2024-10-18,54.693172454833984,87.26498413085938,970.0
2024-10-21,54.43134307861328,86.58284759521484,981.0
2024-10-22,54.00465393066406,87.0895767211914,991.75
2024-10-23,54.38285827636719,86.71926879882812,997.5
2024-10-24,54.79014587402344,87.90814208984375,996.25
2024-10-25,54.84832763671875,87.48910522460938,987.75
2024-10-28,55.50775146484375,87.57682037353516,974.0
2024-10-29,54.61559295654297,85.5986099243164,965.25
2024-10-30,53.84949493408203,83.66914367675781,976.5
2024-10-31,53.539180755615234,81.87608337402344,982.5
2024-11-01,52.98643112182617,80.51181030273438,982.5
2024-11-04,53.62645721435547,81.85659790039062,987.25
2024-11-05,50.426326751708984,82.63619232177734,993.75
2024-11-06,51.648197174072266,83.57169342041016,994.5
2024-11-07,50.90149688720703,84.59489440917969,1015.5
2024-11-08,50.55239486694336,84.89698791503906,1016.75
2024-11-11,50.77543640136719,85.51091003417969,1011.75
2024-11-12,49.87357711791992,85.22830963134766,1003.5
2024-11-13,50.30025863647461,84.40975189208984,1004.25
2024-11-14,50.92089080810547,85.81300354003906,985.75
2024-11-15,51.7354736328125,88.2881851196289,998.5
2024-11-18,51.11484146118164,89.65296173095703,1009.75
2024-11-19,51.3863639831543,87.8659896850586,998.5
2024-11-20,51.90032958984375,86.4815902709961,990.5
2024-11-21,52.066734313964844,86.76632690429688,977.75
2024-11-22,52.00800323486328,86.05938720703125,983.5
2024-11-25,51.89053726196289,86.83505249023438,985.75
2024-11-26,52.585548400878906,88.03291320800781,983.5
2024-11-27,53.22181701660156,87.29652404785156,988.75
2024-11-29,53.44696044921875,88.11145782470703,989.5
2024-12-02,53.123931884765625,87.47325134277344,985.25
2024-12-03,52.04716110229492,86.65831756591797,991.75
2024-12-04,50.67672348022461,84.98916625976562,983.75
2024-12-05,51.17595291137695,84.63569641113281,993.75
2024-12-06,50.33411407470703,82.47562408447266,993.75
2024-12-09,50.88228988647461,83.94840240478516,990.0
2024-12-10,50.98018264770508,83.17273712158203,994.75
2024-12-11,51.80243682861328,83.25128936767578,995.5
2024-12-12,51.95906448364258,82.07305908203125,995.75
2024-12-13,51.29342269897461,81.1501235961914,988.25
2024-12-16,50.598411560058594,79.3827896118164,982.0
2024-12-17,50.40263748168945,79.795166015625,976.75
2024-12-18,48.797271728515625,77.69400024414062,951.75
2024-12-19,48.337196350097656,76.5059585571289,963.0
2024-12-20,49.42375946044922,77.66454315185547,974.5
2024-12-23,49.34544372558594,77.6154556274414,969.5
2024-12-24,49.5608024597168,77.66454315185547,975.25
2024-12-26,49.541221618652344,76.64341735839844,988.0
2024-12-27,49.51185607910156,76.65323638916016,980.0
2024-12-30,49.01262283325195,75.49464416503906,982.0
2024-12-31,49.453125,76.34886932373047,998.25
2025-01-02,49.15945816040039,76.16231536865234,999.5
2025-01-03,48.99304962158203,75.87757110595703,981.0
2025-01-06,48.5819206237793,76.56487274169922,992.5
2025-01-07,48.38614273071289,76.39794921875,992.25
2025-01-08,48.78748321533203,75.97575378417969,987.5
2025-01-10,50.011085510253906,79.7460708618164,1013.5
2025-01-13,51.01933288574219,80.5020980834961,1041.5
2025-01-14,50.108970642089844,80.12899780273438,1043.0
2025-01-15,50.060028076171875,78.980224609375,1042.75
2025-01-16,49.93277359008789,77.95909881591797,1019.0
2025-01-17,50.20686340332031,78.0965576171875,1034.0
2025-01-21,50.13833999633789,77.20307159423828,1067.25
2025-01-22,49.453125,76.49614715576172,1056.0
2025-01-23,49.59016799926758,77.24234771728516,1065.5
2025-01-24,49.443328857421875,75.7892074584961,1055.75
2025-01-27,51.068275451660156,77.25216674804688,1045.0
2025-01-28,49.521644592285156,75.85794067382812,1045.0
2025-01-29,50.56904602050781,76.8005142211914,1060.5
2025-01-30,50.57883834838867,76.2408676147461,1044.0
2025-01-31,50.148128509521484,74.7484359741211,1042.0
2025-02-03,48.96368408203125,73.79605102539062,1058.25
2025-02-04,46.48711395263672,73.65858459472656,1075.0
2025-02-05,45.46907424926758,68.60204315185547,1057.0
2025-02-06,44.58808135986328,68.03257751464844,1060.5
2025-02-07,44.793643951416016,68.33694458007812,1049.5
2025-02-10,45.11667251586914,67.9049301147461,1049.5
2025-02-11,45.45928192138672,68.65113830566406,1043.5
2025-02-12,44.26504898071289,67.81656646728516,1027.75
2025-02-13,44.74469757080078,68.52349853515625,1030.0
2025-02-14,45.12646484375,69.22061157226562,1036.0
2025-02-18,45.44321060180664,69.28009796142578,1038.5
2025-02-19,45.57189178466797,69.57752227783203,1031.75
2025-02-20,46.07670211791992,70.64825439453125,1045.5
2025-02-21,47.70002746582031,72.43280029296875,1039.5
2025-02-24,47.907894134521484,72.94833374023438,1029.0
2025-02-25,48.26423263549805,73.63240814208984,1031.25
2025-02-26,46.5023307800293,72.6310806274414,1024.5
2025-02-27,46.11629867553711,72.62117004394531,1022.75
2025-02-28,46.720096588134766,73.5531005859375,1011.5
2025-03-03,46.10639953613281,71.21336364746094,998.25
2025-03-04,45.3541259765625,71.08447265625,984.0
2025-03-05,45.334327697753906,71.09439086914062,997.75
2025-03-06,47.571353912353516,74.00914764404297,1014.0
2025-03-07,48.93731689453125,74.95098876953125,1010.25
2025-03-10,50.09542465209961,75.65489959716797,999.75
2025-03-11,48.14545440673828,73.77120971679688,997.75
2025-03-12,46.601318359375,72.502197265625,987.5
2025-03-13,46.769588470458984,72.95824432373047,996.75
2025-03-14,46.70029830932617,73.24575805664062,999.25
2025-03-17,47.5020637512207,73.9100112915039,1015.5
2025-03-18,47.195213317871094,74.06863403320312,1012.75
2025-03-19,46.45283889770508,74.59408569335938,1008.25
2025-03-20,46.0470085144043,73.31515502929688,1013.0
2025-03-21,45.63127899169922,72.62117004394531,1009.75
2025-03-24,45.463008880615234,72.09571838378906,1007.25
2025-03-25,45.581787109375,72.81945037841797,1001.75
2025-03-26,46.59141540527344,73.5531005859375,1001.0
2025-03-27,47.78911209106445,75.84326934814453,1016.75
2025-03-28,47.38328170776367,75.77387237548828,1023.0
2025-03-31,47.52185821533203,75.76395416259766,1014.75
2025-04-01,47.719825744628906,77.18167877197266,1034.25
2025-04-02,47.48226547241211,77.3403091430664,1029.5
2025-04-03,47.086334228515625,77.52867126464844,1011.5
2025-04-04,42.87954330444336,72.57159423828125,977.0
2025-04-07,42.54300308227539,71.2232666015625,983.0
2025-04-08,41.3651008605957,68.91327667236328,992.75
2025-04-09,43.928768157958984,73.65223693847656,1012.75
2025-04-10,44.02775192260742,72.6013412475586,1029.0
2025-04-11,45.373924255371094,75.64498901367188,1042.75
2025-04-14,45.957923889160156,76.40837097167969,1041.75
2025-04-15,45.601585388183594,75.54583740234375,1036.0
2025-04-16,45.66097640991211,75.72429656982422,1038.75
2025-04-17,47.33378982543945,78.28215026855469,1036.5
2025-04-21,47.60104751586914,78.12352752685547,1029.5
2025-04-22,48.046470642089844,79.4024429321289,1035.0
2025-04-23,47.630741119384766,79.134765625,1040.25
2025-04-24,48.28403091430664,80.10635375976562,1053.0
2025-04-25,47.75941848754883,80.21541595458984,1049.75
2025-04-28,47.56145095825195,79.96755981445312,1052.0
2025-04-29,47.29419708251953,79.56107330322266,1041.0
2025-04-30,47.264503479003906,78.0442123413086,1034.75
2025-05-01,47.09623336791992,77.8062744140625,1040.25
2025-05-02,47.36348342895508,78.52999877929688,1048.75
2025-05-05,47.01704406738281,77.15193176269531,1038.0
2025-05-06,47.82870864868164,77.48902130126953,1034.75
2025-05-07,47.39318084716797,75.24842071533203,1030.5
2025-05-08,47.21501159667969,75.61524200439453,1036.75
2025-05-09,48.03657150268555,76.68596649169922,1044.0
2025-05-12,49.392642974853516,79.4619369506836,1066.0
2025-05-13,50.17461013793945,82.1982421875,1067.25
2025-05-14,48.907623291015625,81.236572265625,1067.0
2025-05-15,48.363216400146484,79.33304595947266,1051.25
2025-05-16,49.620304107666016,80.84000396728516,1050.0
2025-05-19,49.501522064208984,80.30000305175781,1050.75
2025-05-20,49.64999771118164,80.4000015258789,1053.0
2025-05-21,48.29999923706055,78.19999694824219,1062.75
2025-05-22,47.959999084472656,77.80000305175781,1067.5
2025-05-23,47.939998626708984,78.0999984741211,1060.25
2025-05-27,48.630001068115234,79.23999786376953,1062.5
2025-05-28,48.349998474121094,79.37999725341797,1048.5
2025-05-29,48.369998931884766,79.22000122070312,1051.75
2025-05-30,48.27000045776367,78.1500015258789,1041.75
2025-06-02,48.099998474121094,78.37000274658203,1033.5
2025-06-03,47.279998779296875,76.2699966430664,1040.75
2025-06-04,47.2400016784668,74.58999633789062,1045.0
2025-06-05,46.97999954223633,73.8499984741211,1051.75
2025-06-06,47.41999816894531,74.55000305175781,1057.25
2025-06-09,47.900001525878906,74.66999816894531,1056.0
2025-06-10,48.7400016784668,76.04000091552734,1057.75
2025-06-11,48.66999816894531,75.47000122070312,1050.5
2025-06-12,49.65999984741211,77.02999877929688,1042.25
2025-06-13,52.0,81.41000366210938,1069.75
2025-06-16,54.15999984741211,86.27999877929688,1069.75
2025-06-17,54.099998474121094,85.69000244140625,1074.0
2025-06-18,53.9900016784668,85.55000305175781,1074.75
2025-06-20,53.61000061035156,85.37999725341797,1068.0
2025-06-23,52.81999969482422,84.1500015258789,1058.75
2025-06-24,52.93000030517578,83.58999633789062,1046.75
2025-06-25,52.29999923706055,82.22000122070312,1025.25
2025-06-26,53.16999816894531,82.30000305175781,1022.75
2025-06-27,51.97999954223633,80.44000244140625,1027.75
2025-06-30,52.779998779296875,80.27999877929688,1024.25
2025-07-01,54.45000076293945,80.25,1024.75
2025-07-02,55.900001525878906,81.38999938964844,1050.5
2025-07-03,55.310001373291016,78.44000244140625,1056.25
2025-07-07,54.52000045776367,74.8499984741211,1031.75
2025-07-08,54.54999923706055,75.80000305175781,1024.25
2025-07-09,54.0,75.63999938964844,1012.25
2025-07-10,54.88999938964844,76.54000091552734,1012.5
2025-07-11,54.939998626708984,76.73999786376953,1004.0
2025-07-14,54.29999923706055,74.98999786376953,997.0
2025-07-15,53.72999954223633,74.20999908447266,995.0
2025-07-16,54.0,73.0,1013.5
2025-07-17,53.540000915527344,73.16000366210938,1021.5
2025-07-18,54.38999938964844,74.41999816894531,1027.75
2025-07-21,54.150001525878906,74.23999786376953,1015.0
2025-07-22,55.40999984741211,75.68000030517578,1010.25
2025-07-23,56.220001220703125,78.1500015258789,1005.75
2025-07-24,55.5,76.93000030517578,1004.25
2025-07-25,55.349998474121094,77.2699966430664,998.75
2025-07-28,54.7599983215332,76.69999694824219,988.75
2025-07-29,54.20000076293945,76.33999633789062,981.75
2025-07-30,55.20000076293945,80.30000305175781,967.75
2025-07-31,54.18000030517578,79.76000213623047,961.75
2025-08-01,53.849998474121094,78.0,961.75
2025-08-04,54.36000061035156,80.5999984741211,969.0
2025-08-05,57.619998931884766,82.41000366210938,969.0
2025-08-06,56.72999954223633,80.97000122070312,961.5
2025-08-07,57.86000061035156,82.75,971.75
2025-08-08,57.84000015258789,82.94000244140625,966.75
2025-08-11,58.279998779296875,82.22000122070312,989.5
2025-08-12,58.560001373291016,82.5199966430664,1011.75
2025-08-13,59.81999969482422,83.23999786376953,1023.5
2025-08-14,59.31999969482422,82.0999984741211,1008.5
2025-08-15,59.75,81.77999877929688,1042.5
